dataset,network,DenseNum,DropOut,FreezePercentage,BatchSize,epoch,accuracy,precision,sensitivity,specificity,f1_score,npv,mcc,auc,TP,TN,FP,FN,runtime,val_accuracy,val_precision,val_sensitivity,val_specificity,val_f1_score,val_npv,val_mcc,val_auc,val_TP,val_TN,val_FP,val_FN,val_runtime
75,DenseNet201,128,0.3,0.3,64,8,0.9997864365577698,1.0,0.9997864365577698,1.0,0.9998936057090759,0.9997921586036682,0.9997904896736145,0.9999998807907104,4681.0,4682.0,0.0,1.0,214.19366884231567,0.9884868264198303,0.988477349281311,0.9876644611358643,0.9884868264198303,0.9880658984184265,0.9876897931098938,0.9761574268341064,0.9974839687347412,1201.0,1202.0,14.0,15.0,15.573868036270142
75,DenseNet201,128,0.3,0.3,64,4,0.9987282752990723,0.998939573764801,0.9983043670654297,0.9989442825317383,0.9986234307289124,0.9983237981796265,0.9972599148750305,0.9999901056289673,4710.0,4713.0,5.0,8.0,160.05080318450928,0.9876644611358643,0.9868529438972473,0.9876644611358643,0.9868420958518982,0.9872430562973022,0.9877265095710754,0.9745492339134216,0.9973914623260498,1201.0,1200.0,16.0,15.0,16.602314710617065
75,DenseNet201,128,0.3,0.3,64,4,0.9991525411605835,0.9991525411605835,0.9991525411605835,0.9991554021835327,0.9991554021835327,0.9991586804389954,0.9983140826225281,0.9999980926513672,4716.0,4716.0,4.0,4.0,159.60478329658508,0.984375,0.983566164970398,0.984375,0.9835526347160339,0.9839670062065125,0.984375,0.9679339528083801,0.9959577918052673,1197.0,1196.0,20.0,19.0,15.564882040023804
75,DenseNet201,128,0.3,0.3,64,5,0.9985194802284241,0.9978867173194885,0.9987309575080872,0.9978885054588318,0.9983157515525818,0.9987297058105469,0.9966281056404114,0.999991774559021,4722.0,4718.0,10.0,6.0,173.0206334590912,0.984375,0.9860990643501282,0.9852430820465088,0.9861111044883728,0.9856800436973572,0.9852684736251831,0.9713864922523499,0.9967710375785828,1135.0,1136.0,16.0,17.0,16.388439655303955
75,DenseNet201,128,0.3,0.3,64,4,0.9970476627349854,0.9968361258506775,0.9966259002685547,0.996874988079071,0.9956644773483276,0.9949765205383301,0.9916948676109314,0.9999154210090637,4726.0,4727.0,15.0,16.0,160.06360530853271,0.9878472089767456,0.9878472089767456,0.9878472089767456,0.9878472089767456,0.9878472089767456,0.9878472089767456,0.9756944179534912,0.9953654408454895,1138.0,1138.0,14.0,14.0,17.531909704208374
75,DenseNet201,128,0.3,0.3,64,4,0.9989491105079651,0.998528778553009,0.998528778553009,0.9985416531562805,0.9985400438308716,0.9985513091087341,0.9970897436141968,0.9999954104423523,4751.0,4751.0,7.0,7.0,160.82251477241516,0.984375,0.984388530254364,0.9852430820465088,0.984375,0.984825849533081,0.9852154850959778,0.9696242809295654,0.9964889883995056,1135.0,1134.0,18.0,17.0,16.30912446975708
75,DenseNet201,128,0.3,0.3,64,6,0.999146044254303,0.999146044254303,0.999146044254303,0.9991554021835327,0.9991554021835327,0.9991554021835327,0.9983108043670654,0.9999966025352478,4680.0,4680.0,4.0,4.0,191.09458804130554,0.9901315569877625,0.9893180131912231,0.9901315569877625,0.9893091917037964,0.9897236227989197,0.9901315569877625,0.9794471263885498,0.9971055388450623,1204.0,1203.0,13.0,12.0,17.626462936401367
75,DenseNet201,128,0.3,0.3,64,4,0.9959796667098999,0.9953429102897644,0.9949216842651367,0.995315670967102,0.9951226711273193,0.9949551224708557,0.9902681708335876,0.9999069571495056,4702.0,4704.0,22.0,24.0,159.649071931839,0.9835069179534912,0.9818024039268494,0.9835069179534912,0.9817708134651184,0.9826522469520569,0.9834931492805481,0.965290904045105,0.9950351119041443,1133.0,1131.0,21.0,19.0,17.8466157913208
75,DenseNet201,128,0.3,0.3,64,5,0.9997904300689697,0.9995810389518738,1.0,0.9995833039283752,0.9997949004173279,1.0,0.9995896220207214,0.9999992847442627,4772.0,4770.0,2.0,0.0,175.52459383010864,0.9861111044883728,0.9869451522827148,0.984375,0.9869791865348816,0.985625684261322,0.9844951629638672,0.9713729023933411,0.9965457916259766,1134.0,1137.0,15.0,18.0,16.43005871772766
75,DenseNet201,128,0.3,0.3,64,1,0.9876980781555176,0.9874765276908875,0.9864470362663269,0.987500011920929,0.9869601726531982,0.9865409135818481,0.9740040302276611,0.9985916614532471,4731.0,4736.0,60.0,65.0,115.16873812675476,0.9898896813392639,0.990791916847229,0.9889705777168274,0.9908088445663452,0.9898751378059387,0.9890130162239075,0.9797933101654053,0.9976376891136169,1076.0,1078.0,10.0,12.0,16.842034816741943
75,DenseNet201,128,0.3,0.3,64,3,0.996205747127533,0.9959949254989624,0.9959949254989624,0.9960416555404663,0.9960400462150574,0.9960577487945557,0.9920961260795593,0.9999330639839172,4725.0,4725.0,19.0,19.0,145.40180659294128,0.9895833134651184,0.9895833134651184,0.9895833134651184,0.9895833134651184,0.9895833134651184,0.9895833134651184,0.9791666865348816,0.9974790215492249,1140.0,1140.0,12.0,12.0,18.357704877853394
75,DenseNet201,128,0.3,0.3,64,3,0.9989626407623291,0.9989618062973022,0.9981327652931213,0.9989720582962036,0.9985576272010803,0.9981655478477478,0.9971312284469604,0.9999952912330627,4811.0,4815.0,5.0,9.0,147.36636114120483,0.9852941036224365,0.9852941036224365,0.9852941036224365,0.9852941036224365,0.9852941036224365,0.9852941036224365,0.970588207244873,0.9964163303375244,1072.0,1072.0,16.0,16.0,17.15190100669861
75,DenseNet201,128,0.3,0.3,64,5,0.9987244606018066,0.9987242221832275,0.9985119104385376,0.9987331032752991,0.998626708984375,0.9985284805297852,0.9972599148750305,0.9999933838844299,4697.0,4698.0,6.0,7.0,173.8711907863617,0.9868420958518982,0.9868420958518982,0.9868420958518982,0.9868420958518982,0.9868420958518982,0.9868420958518982,0.9736841917037964,0.9970986247062683,1200.0,1200.0,16.0,16.0,17.018001317977905
75,DenseNet201,128,0.3,0.3,64,5,1.0,1.0,1.0,1.0,1.0,1.0,1.0,1.0,4874.0,4874.0,0.0,0.0,177.03696060180664,0.986328125,0.9843902587890625,0.9853515625,0.984375,0.9848355650901794,0.9854694604873657,0.9697915315628052,0.9973998069763184,1009.0,1008.0,16.0,15.0,17.176395177841187
75,DenseNet201,128,0.3,0.3,64,4,0.9991528987884521,0.9989411234855652,0.9989411234855652,0.9989442825317383,0.9989442825317383,0.9989507794380188,0.9978950023651123,0.9999969005584717,4717.0,4717.0,5.0,5.0,159.05435276031494,0.984375,0.984375,0.984375,0.984375,0.984375,0.984375,0.96875,0.9961995482444763,1197.0,1197.0,19.0,19.0,17.3698308467865
75,DenseNet201,128,0.3,0.3,64,3,0.9983298778533936,0.9983298778533936,0.9983298778533936,0.9983333349227905,0.9983349442481995,0.998333215713501,0.9966698288917542,0.9999648332595825,4782.0,4782.0,8.0,8.0,149.2923355102539,0.984375,0.9843462109565735,0.982536792755127,0.984375,0.9834268093109131,0.9826074242591858,0.9669252038002014,0.9980244636535645,1069.0,1071.0,17.0,19.0,18.30538010597229
75,DenseNet201,128,0.3,0.3,64,5,0.9997923374176025,0.9997923970222473,1.0,0.9997944235801697,0.9998980164527893,1.0,0.9997960329055786,0.9999998807907104,4816.0,4815.0,1.0,0.0,180.41525411605835,0.9880514740943909,0.9880514740943909,0.9880514740943909,0.9880514740943909,0.9880514740943909,0.9880514740943909,0.9761029481887817,0.9962018728256226,1075.0,1075.0,13.0,13.0,16.877365112304688
75,DenseNet201,128,0.3,0.3,64,7,0.9997901916503906,1.0,0.9997901916503906,1.0,0.9998950362205505,0.9997949004173279,0.999793291091919,0.9999997615814209,4765.0,4766.0,0.0,1.0,204.82250714302063,0.9895833134651184,0.9895833134651184,0.9895833134651184,0.9895833134651184,0.9895833134651184,0.9895833134651184,0.9791666865348816,0.9960362315177917,1140.0,1140.0,12.0,12.0,17.307769536972046
75,DenseNet201,128,0.3,0.3,64,9,1.0,1.0,1.0,1.0,1.0,1.0,1.0,1.0,4828.0,4828.0,0.0,0.0,235.4757616519928,0.9834558963775635,0.9825528264045715,0.9834558963775635,0.982536792755127,0.9830068945884705,0.9834412932395935,0.9659994840621948,0.9965136051177979,1070.0,1069.0,19.0,18.0,18.255823612213135
75,DenseNet201,128,0.3,0.3,64,4,0.9991528987884521,0.9991532564163208,0.9995764493942261,0.9990962147712708,0.9993391036987305,0.9995777010917664,0.9986782670021057,0.9999961853027344,4720.0,4718.0,4.0,2.0,159.18315839767456,0.9901315569877625,0.9917559623718262,0.9893091917037964,0.9917762875556946,0.9905200600624084,0.9893851280212402,0.981116771697998,0.9979432821273804,1203.0,1206.0,10.0,13.0,17.475440740585327
75,DenseNet201,128,0.3,0.3,64,2,0.9960100650787354,0.9960100650787354,0.9960100650787354,0.9960416555404663,0.9960334300994873,0.9960736036300659,0.9920989871025085,0.9998470544815063,4743.0,4743.0,19.0,19.0,130.44340586662292,0.9895833134651184,0.9887152910232544,0.9887152910232544,0.9887152910232544,0.9887150526046753,0.9887419939041138,0.9774572849273682,0.9983203411102295,1139.0,1139.0,13.0,13.0,17.458661794662476
75,DenseNet201,128,0.3,0.3,64,3,0.9978973865509033,0.9978964924812317,0.9974768757820129,0.9979166388511658,0.9977051019668579,0.9975192546844482,0.9954294562339783,0.9999605417251587,4744.0,4746.0,10.0,12.0,145.19253659248352,0.9878472089767456,0.9869791865348816,0.9869791865348816,0.9869791865348816,0.987005889415741,0.9869507551193237,0.9739841818809509,0.9978569149971008,1137.0,1137.0,15.0,15.0,17.84493851661682
75,DenseNet201,128,0.3,0.3,64,4,0.9993603229522705,0.999360203742981,0.9991471171379089,0.9988269209861755,0.9989997148513794,0.9991620182991028,0.9980054497718811,0.9999862313270569,4686.0,4687.0,3.0,4.0,158.38841152191162,0.9901315569877625,0.9909539222717285,0.9909539222717285,0.9909539222717285,0.9909537434577942,0.9909662008285522,0.9819201231002808,0.9970875978469849,1205.0,1205.0,11.0,11.0,17.592442750930786
75,DenseNet201,128,0.3,0.3,64,7,0.9995751976966858,0.9995751976966858,0.9995751976966858,0.9995777010917664,0.9995777010917664,0.9995777010917664,0.9991554021835327,0.9999990463256836,4706.0,4706.0,2.0,2.0,203.42485904693604,0.9860197305679321,0.9860197305679321,0.9860197305679321,0.9860197305679321,0.9860197305679321,0.9860197305679321,0.9720394611358643,0.996099591255188,1199.0,1199.0,17.0,17.0,17.446483373641968
75,DenseNet201,128,0.3,0.3,64,3,0.9991628527641296,0.9993720054626465,0.9991628527641296,0.9993749856948853,0.9992700219154358,0.9991699457168579,0.9985433220863342,0.9999978542327881,4774.0,4775.0,3.0,4.0,145.8095257282257,0.9861111044883728,0.9861111044883728,0.9861111044883728,0.9861111044883728,0.9861041307449341,0.9861378073692322,0.972235381603241,0.9976513385772705,1136.0,1136.0,16.0,16.0,17.188608169555664
75,DenseNet201,128,0.3,0.3,64,6,1.0,1.0,1.0,1.0,1.0,1.0,1.0,1.0000001192092896,4712.0,4712.0,0.0,0.0,190.26546597480774,0.9876644611358643,0.9876543283462524,0.9868420958518982,0.9876644611358643,0.9872499704360962,0.9868547320365906,0.9745128750801086,0.9966845512390137,1200.0,1201.0,15.0,16.0,17.05716633796692
75,DenseNet201,128,0.3,0.3,64,5,0.9983057975769043,0.9983057975769043,0.9983057975769043,0.9982516169548035,0.9982516169548035,0.9982549548149109,0.9965066909790039,0.9999707937240601,4714.0,4714.0,8.0,8.0,176.35359287261963,0.9884868264198303,0.9884963035583496,0.9893091917037964,0.9884868264198303,0.9889011383056641,0.9893091917037964,0.9778023958206177,0.9953286647796631,1203.0,1202.0,14.0,13.0,18.44344711303711
75,DenseNet201,128,0.3,0.3,64,6,1.0,1.0,1.0,1.0,1.0,1.0,1.0,1.0,4734.0,4734.0,0.0,0.0,190.875958442688,0.9921875,0.9913269877433777,0.9921875,0.9913194179534912,0.9917362928390503,0.9922409057617188,0.983526349067688,0.9989107847213745,1143.0,1142.0,10.0,9.0,18.245699882507324
75,DenseNet201,128,0.3,0.3,64,9,0.9997879266738892,0.9997879266738892,0.9997879266738892,0.9997888803482056,0.9997888803482056,0.9997888803482056,0.9995777010917664,1.0,4715.0,4715.0,1.0,1.0,234.65515995025635,0.9835526347160339,0.983566164970398,0.984375,0.9835526347160339,0.9839920997619629,0.9843472838401794,0.9679576754570007,0.9941287636756897,1197.0,1196.0,20.0,19.0,18.58396029472351
75,DenseNet201,128,0.3,0.3,64,1,0.9912766218185425,0.9904316663742065,0.9910638332366943,0.9899553656578064,0.9902743697166443,0.9906240105628967,0.9805842041969299,0.9994404911994934,4658.0,4655.0,45.0,42.0,115.65574049949646,0.9827302694320679,0.9819227457046509,0.9827302694320679,0.9819079041481018,0.9823154807090759,0.9827674031257629,0.9646687507629395,0.9952832460403442,1195.0,1194.0,22.0,21.0,18.35104513168335
75,DenseNet201,128,0.3,0.3,64,3,0.9995691776275635,0.9991386532783508,0.9995691776275635,0.9991438388824463,0.9993595480918884,0.9995719194412231,0.9987190961837769,0.9999982118606567,4640.0,4638.0,4.0,2.0,143.88476943969727,0.9867187738418579,0.9874804615974426,0.9859374761581421,0.987500011920929,0.9866940379142761,0.9859975576400757,0.9734489321708679,0.998577892780304,1262.0,1264.0,16.0,18.0,18.167227745056152
75,DenseNet201,128,0.3,0.3,64,4,0.9982920289039612,0.9980785846710205,0.9980785846710205,0.998099684715271,0.9981012940406799,0.9980995655059814,0.9962025284767151,0.9999889731407166,4675.0,4675.0,9.0,9.0,159.54720759391785,0.9827302694320679,0.9819227457046509,0.9827302694320679,0.9819079041481018,0.9823222160339355,0.9827302694320679,0.9646444916725159,0.9946641325950623,1195.0,1194.0,22.0,21.0,16.97661256790161
75,DenseNet201,128,0.3,0.3,64,3,0.9961880445480347,0.995766282081604,0.9961880445480347,0.9956587553024292,0.9958975315093994,0.9961634278297424,0.991818904876709,0.9997906684875488,4704.0,4702.0,20.0,18.0,146.3536319732666,0.9884868264198303,0.9876644611358643,0.9876644611358643,0.9876644611358643,0.9876707196235657,0.9876640439033508,0.9753413796424866,0.9984959363937378,1201.0,1201.0,15.0,15.0,18.04105234146118
75,DenseNet201,128,0.3,0.3,64,4,1.0,0.9997875690460205,1.0,0.9997888803482056,0.9998952746391296,1.0,0.9997904896736145,1.0,4706.0,4705.0,1.0,0.0,161.75074744224548,0.9835526347160339,0.9827302694320679,0.9827302694320679,0.9827302694320679,0.9827104806900024,0.9828049540519714,0.9654972553253174,0.9963855743408203,1195.0,1195.0,21.0,21.0,17.61362886428833
75,DenseNet201,128,0.3,0.3,64,0,0.9558699131011963,0.9521702527999878,0.9541807174682617,0.9520692825317383,0.9534062743186951,0.9538300037384033,0.9065017700195312,0.990492045879364,4519.0,4509.0,227.0,217.0,99.41915702819824,0.9876644611358643,0.9868529438972473,0.9876644611358643,0.9868420958518982,0.9872564077377319,0.9876770973205566,0.9745255708694458,0.9973238706588745,1201.0,1200.0,16.0,15.0,17.64022183418274
75,DenseNet201,128,0.3,0.3,64,3,0.9997878670692444,0.9997878074645996,0.9995757341384888,0.9997888803482056,0.9996824264526367,0.999580979347229,0.9993681907653809,0.9999791979789734,4712.0,4713.0,1.0,2.0,145.67583799362183,0.9851973652839661,0.9827444553375244,0.9835526347160339,0.9827302694320679,0.9831695556640625,0.9835375547409058,0.9663249850273132,0.9957401156425476,1196.0,1195.0,21.0,20.0,16.583638906478882
75,DenseNet201,128,0.3,0.3,64,6,0.9997932314872742,0.9997932314872742,0.9997932314872742,0.9997944235801697,0.9997944235801697,0.9997944235801697,0.9995887875556946,0.9999997019767761,4835.0,4835.0,1.0,1.0,192.7456545829773,0.9898896813392639,0.9880734086036682,0.9898896813392639,0.9880514740943909,0.988991916179657,0.9898605346679688,0.9779548645019531,0.9977352619171143,1077.0,1075.0,13.0,11.0,17.312583446502686
75,DenseNet201,128,0.3,0.3,64,6,0.9991638660430908,0.9991633296012878,0.9985367655754089,0.9991666674613953,0.9988501071929932,0.9985544681549072,0.9977130889892578,0.9999964833259583,4777.0,4780.0,4.0,7.0,190.6049463748932,0.9852430820465088,0.9869565367698669,0.9852430820465088,0.9869791865348816,0.9860837459564209,0.9853098392486572,0.9722349643707275,0.99420166015625,1135.0,1137.0,15.0,17.0,18.01445460319519
75,DenseNet201,128,0.3,0.3,64,0,0.9547916650772095,0.9516938328742981,0.9481250047683716,0.9518749713897705,0.9499239921569824,0.9484570026397705,0.9002079367637634,0.990574836730957,4551.0,4569.0,231.0,249.0,100.03230786323547,0.9592013955116272,0.9568220973014832,0.9618055820465088,0.9565972089767456,0.9593678712844849,0.9615510106086731,0.9184856414794922,0.9903700947761536,1108.0,1102.0,50.0,44.0,17.22729754447937
75,DenseNet201,128,0.3,0.3,64,2,0.9974048733711243,0.9974059462547302,0.9978373646736145,0.9974315166473389,0.9976505637168884,0.9978528022766113,0.9952943325042725,0.9999625086784363,4614.0,4612.0,12.0,10.0,129.35440349578857,0.9859374761581421,0.9851678609848022,0.9859374761581421,0.985156238079071,0.9855495691299438,0.9859487414360046,0.971110999584198,0.9958550333976746,1262.0,1261.0,19.0,18.0,18.44512414932251
75,DenseNet201,128,0.3,0.3,64,8,0.9995750188827515,0.9995748996734619,0.9993625283241272,0.9995777010917664,0.9994713068008423,0.9993698596954346,0.9989458918571472,0.9999992251396179,4703.0,4704.0,2.0,3.0,218.2748749256134,0.9909539222717285,0.9909539222717285,0.9909539222717285,0.9909539222717285,0.9909539222717285,0.9909539222717285,0.9819079041481018,0.9979130029678345,1205.0,1205.0,11.0,11.0,16.839962482452393
75,DenseNet201,128,0.3,0.3,64,4,1.0,0.9997877478599548,1.0,0.9997888803482056,0.9998952746391296,1.0,0.9997904896736145,0.9999999403953552,4710.0,4709.0,1.0,0.0,160.7980763912201,0.9835526347160339,0.9827444553375244,0.9835526347160339,0.9827302694320679,0.983137845993042,0.9835771322250366,0.9663008451461792,0.9975045323371887,1196.0,1195.0,21.0,20.0,17.310370922088623
75,DenseNet201,128,0.3,0.3,64,3,0.9978732466697693,0.9980847239494324,0.9974479079246521,0.9978603720664978,0.9975427389144897,0.9972463846206665,0.9951051473617554,0.9999746680259705,4690.0,4693.0,9.0,12.0,145.92483973503113,0.9819079041481018,0.98270183801651,0.9810855388641357,0.9827302694320679,0.9818813800811768,0.9811854958534241,0.9638639688491821,0.9948450326919556,1193.0,1195.0,21.0,23.0,17.331035375595093
75,DenseNet201,128,0.3,0.3,64,3,0.9958000779151917,0.9962185025215149,0.9958000779151917,0.9962499737739563,0.9960384368896484,0.9958494305610657,0.9920929074287415,0.9995689988136292,4742.0,4744.0,18.0,20.0,148.19733548164368,0.9861111044883728,0.9818339347839355,0.9852430820465088,0.9817708134651184,0.9835537672042847,0.9851875305175781,0.9670522212982178,0.9980840682983398,1135.0,1131.0,21.0,17.0,18.428603172302246
75,DenseNet201,128,0.3,0.3,64,8,0.9997907876968384,1.0,0.9997907876968384,1.0,0.9998950362205505,0.9997949004173279,0.999793291091919,0.9999999403953552,4779.0,4780.0,0.0,1.0,220.25798416137695,0.9895833134651184,0.9887250661849976,0.9895833134651184,0.9887152910232544,0.9891526103019714,0.9895833134651184,0.9783052802085876,0.9974620938301086,1140.0,1139.0,13.0,12.0,16.416489839553833
75,DenseNet201,128,0.3,0.3,64,1,0.9908080101013184,0.9897435903549194,0.9901667237281799,0.9898648858070374,0.9900659322738647,0.9903444051742554,0.980190098285675,0.9991654753684998,4632.0,4630.0,48.0,46.0,114.53456687927246,0.9802631735801697,0.9794745445251465,0.9810855388641357,0.9794408082962036,0.9803013801574707,0.9810202717781067,0.9605379700660706,0.9955931901931763,1193.0,1191.0,25.0,23.0,17.56037473678589
75,DenseNet201,128,0.3,0.3,64,5,0.9989416003227234,0.9987301826477051,0.9989416003227234,0.9987331032752991,0.9988378286361694,0.9989507794380188,0.9976822137832642,0.9999915361404419,4719.0,4718.0,6.0,5.0,175.4637668132782,0.9869791865348816,0.9869678616523743,0.9861111044883728,0.9869791865348816,0.9865416288375854,0.9861378073692322,0.9731103181838989,0.9945279359817505,1136.0,1137.0,15.0,16.0,17.72865891456604
75,DenseNet201,128,0.3,0.3,64,8,1.0,1.0,0.9997885823249817,1.0,0.9998936057090759,0.9997921586036682,0.9997904896736145,1.0,4729.0,4730.0,0.0,1.0,220.56143283843994,0.9887152910232544,0.9878366589546204,0.9869791865348816,0.9878472089767456,0.9874097108840942,0.9869925379753113,0.974833071231842,0.9951974749565125,1137.0,1138.0,14.0,15.0,17.214210987091064
75,DenseNet201,128,0.3,0.3,64,2,0.9963937401771545,0.9972381591796875,0.9957573413848877,0.9972550868988037,0.9965085387229919,0.9958063364028931,0.993046760559082,0.9998117685317993,4694.0,4701.0,13.0,20.0,130.35915851593018,0.9860197305679321,0.9868095517158508,0.984375,0.9868420958518982,0.9855858683586121,0.9844382405281067,0.9712356925010681,0.996520459651947,1197.0,1200.0,16.0,19.0,17.095401287078857
75,DenseNet201,128,0.3,0.3,64,7,1.0,1.0,1.0,1.0,1.0,1.0,1.0,1.0,4666.0,4666.0,0.0,0.0,203.400071144104,0.9909539222717285,0.9909539222717285,0.9909539222717285,0.9909539222717285,0.9909539222717285,0.9909539222717285,0.9819079041481018,0.9978998899459839,1205.0,1205.0,11.0,11.0,18.053544521331787
75,DenseNet201,128,0.3,0.3,64,2,0.9968260526657104,0.9966130256652832,0.9961912631988525,0.9966216087341309,0.9964087009429932,0.9962220191955566,0.9928405284881592,0.9999237060546875,4708.0,4710.0,16.0,18.0,130.65601253509521,0.9921875,0.9913194179534912,0.9913194179534912,0.9913194179534912,0.9913193583488464,0.9913327693939209,0.9826522469520569,0.997898519039154,1142.0,1142.0,10.0,10.0,17.652750253677368
75,DenseNet201,128,0.3,0.3,64,4,0.9979079365730286,0.9977002143859863,0.9983263611793518,0.9976136088371277,0.9979783892631531,0.998333215713501,0.9959567189216614,0.9999799728393555,4772.0,4769.0,11.0,8.0,161.28760480880737,0.9887152910232544,0.9887152910232544,0.9887152910232544,0.9887152910232544,0.988694429397583,0.9887940883636475,0.9774693250656128,0.9980849623680115,1139.0,1139.0,13.0,13.0,16.973503589630127
75,DenseNet201,128,0.3,0.3,64,3,0.9974148869514465,0.9971994757652283,0.9971994757652283,0.9972174763679504,0.9972174763679504,0.9972240328788757,0.9944415092468262,0.9999302625656128,4629.0,4629.0,13.0,13.0,142.86476182937622,0.9898437261581421,0.986760139465332,0.9898437261581421,0.9867187738418579,0.9883054494857788,0.9898189306259155,0.9765861630439758,0.9987249970436096,1267.0,1263.0,17.0,13.0,18.1635525226593
75,DenseNet201,128,0.3,0.3,64,5,0.9991586208343506,0.9991584420204163,0.9989482760429382,0.9991666674613953,0.9990617036819458,0.9989680051803589,0.9981330633163452,0.9999963641166687,4749.0,4750.0,4.0,5.0,174.60849714279175,0.9852430820465088,0.9852430820465088,0.9852430820465088,0.9852430820465088,0.9852430820465088,0.9852430820465088,0.9704861044883728,0.9943674802780151,1135.0,1135.0,17.0,17.0,18.16686487197876
75,DenseNet201,128,0.3,0.3,64,6,0.9989500045776367,0.9989498257637024,0.998740017414093,0.9986538887023926,0.9985488653182983,0.9984486699104309,0.9971009492874146,0.9999805688858032,4756.0,4757.0,5.0,6.0,190.8304648399353,0.9852430820465088,0.9852558374404907,0.9861111044883728,0.9852430820465088,0.9857138395309448,0.9860689640045166,0.9713864922523499,0.9966610670089722,1136.0,1135.0,17.0,16.0,17.482894897460938
75,DenseNet201,128,0.3,0.3,64,3,0.9983193278312683,0.9983189702033997,0.9981092214584351,0.9983333349227905,0.9982283711433411,0.9981345534324646,0.9964663982391357,0.9999849796295166,4751.0,4752.0,8.0,9.0,147.91254448890686,0.984375,0.9852045178413391,0.9826388955116272,0.9852430820465088,0.9839169979095459,0.9827056527137756,0.9679015278816223,0.9944258332252502,1132.0,1135.0,17.0,20.0,18.300731420516968
75,DenseNet201,128,0.3,0.3,64,7,0.9997934103012085,0.9997934103012085,0.9997934103012085,0.9997944235801697,0.9997944235801697,0.9997944235801697,0.9995887875556946,1.0,4839.0,4839.0,1.0,1.0,207.66832304000854,0.9834558963775635,0.9834710955619812,0.984375,0.9834558963775635,0.9839189052581787,0.984375,0.967837929725647,0.9956438541412354,1071.0,1070.0,18.0,17.0,17.450410842895508
75,DenseNet201,128,0.3,0.3,64,4,0.9974380731582642,0.9976511001586914,0.9974380731582642,0.9976773858070374,0.9975709915161133,0.9974695444107056,0.9951452016830444,0.9999597668647766,4672.0,4673.0,11.0,12.0,159.10254645347595,0.9893091917037964,0.9901153445243835,0.9884868264198303,0.9901315569877625,0.9893028140068054,0.9885121583938599,0.9786310791969299,0.9975613355636597,1202.0,1204.0,12.0,14.0,17.631083250045776
75,DenseNet201,128,0.3,0.3,64,2,0.9955108761787415,0.9946569800376892,0.994869589805603,0.9947212934494019,0.9948292374610901,0.994945228099823,0.9896714687347412,0.9997250437736511,4654.0,4653.0,25.0,24.0,130.59986639022827,0.9884868264198303,0.9892916083335876,0.9876644611358643,0.9893091917037964,0.9884737730026245,0.9877024292945862,0.9769861102104187,0.9967338442802429,1201.0,1203.0,13.0,15.0,17.207459211349487
75,DenseNet201,128,0.3,0.3,64,7,0.9978687167167664,0.9982942342758179,0.9978687167167664,0.9983108043670654,0.9978578686714172,0.9974626898765564,0.9957557916641235,0.9999815225601196,4682.0,4684.0,8.0,10.0,204.52058577537537,0.9868420958518982,0.9868637323379517,0.9884868264198303,0.9868420958518982,0.9876899719238281,0.9884476661682129,0.9753410220146179,0.9964812994003296,1202.0,1200.0,16.0,14.0,17.886349201202393
75,DenseNet201,128,0.3,0.3,64,7,0.9995771646499634,0.9995773434638977,1.0,0.9995777010917664,0.9997904896736145,1.0,0.999580979347229,0.9999996423721313,4730.0,4728.0,2.0,0.0,203.42083072662354,0.9887152910232544,0.9887152910232544,0.9887152910232544,0.9887152910232544,0.9887152910232544,0.9887152910232544,0.9774305820465088,0.9986059665679932,1139.0,1139.0,13.0,13.0,18.288419008255005
75,DenseNet201,128,0.3,0.3,64,7,0.9995748400688171,0.9997873902320862,0.9995748400688171,0.9997888803482056,0.9996824264526367,0.999580979347229,0.9993681907653809,0.9999989867210388,4702.0,4703.0,1.0,2.0,206.16683506965637,0.9851973652839661,0.9819375872612,0.9835526347160339,0.9819079041481018,0.9827491641044617,0.9835383892059326,0.965484619140625,0.9956396222114563,1196.0,1194.0,22.0,20.0,18.50722312927246
75,DenseNet201,128,0.3,0.3,64,4,0.9997913837432861,0.9995828866958618,0.9997913837432861,0.9995833039283752,0.9996883273124695,0.99979168176651,0.999376654624939,0.9999995231628418,4793.0,4792.0,2.0,1.0,161.34255576133728,0.9908088445663452,0.9908088445663452,0.9908088445663452,0.9908088445663452,0.9908015131950378,0.9908370971679688,0.9816315770149231,0.9977014064788818,1078.0,1078.0,10.0,10.0,17.55998468399048
75,DenseNet201,128,0.3,0.3,64,7,0.999157190322876,0.9991573691368103,0.999367892742157,0.9991666674613953,0.9992716312408447,0.9993749856948853,0.9985433220863342,0.9999982118606567,4743.0,4742.0,4.0,3.0,208.05704379081726,0.9895833134651184,0.9895742535591125,0.9887152910232544,0.9895833134651184,0.9891459345817566,0.9887286424636841,0.9783052802085876,0.9967861771583557,1139.0,1140.0,12.0,13.0,18.254700899124146
75,DenseNet201,128,0.3,0.3,64,9,0.9993500709533691,0.9987010359764099,0.9993500709533691,0.9972174763679504,0.9975410103797913,0.9978629350662231,0.9950852990150452,0.9999939203262329,4613.0,4610.0,6.0,3.0,232.08535885810852,0.9906250238418579,0.989062488079071,0.989062488079071,0.989062488079071,0.9890561103820801,0.9891101717948914,0.9781605005264282,0.9971752166748047,1266.0,1266.0,14.0,14.0,18.69687509536743
75,DenseNet201,128,0.3,0.3,64,5,0.9993742108345032,0.9991655945777893,0.9991655945777893,0.9991666674613953,0.9991666674613953,0.9991699457168579,0.9983366131782532,0.999995768070221,4790.0,4790.0,4.0,4.0,177.33828568458557,0.9889705777168274,0.9880514740943909,0.9880514740943909,0.9880514740943909,0.9880585670471191,0.9880509972572327,0.9761168360710144,0.9985237121582031,1075.0,1075.0,13.0,13.0,18.33324670791626
75,DenseNet201,128,0.3,0.3,64,8,0.9997896552085876,0.9997896552085876,0.9997896552085876,0.99979168176651,0.99979168176651,0.99979168176651,0.9995833039283752,0.9999997615814209,4753.0,4753.0,1.0,1.0,221.35514092445374,0.9878472089767456,0.9870017170906067,0.9887152910232544,0.9869791865348816,0.9878605604171753,0.9887015223503113,0.9757075905799866,0.997819721698761,1139.0,1137.0,15.0,13.0,18.185063123703003
75,DenseNet201,128,0.3,0.3,64,4,0.9968814849853516,0.9968795776367188,0.9962577819824219,0.9969161152839661,0.9966005086898804,0.996321439743042,0.9932233095169067,0.9999279975891113,4792.0,4795.0,15.0,18.0,161.4630527496338,0.986213207244873,0.9862005710601807,0.9852941036224365,0.986213207244873,0.9857428073883057,0.9853224158287048,0.9715142250061035,0.9946343898773193,1072.0,1073.0,15.0,16.0,18.256458044052124
75,DenseNet201,128,0.3,0.3,64,8,0.9993592500686646,0.999359130859375,0.9991456866264343,0.9993665814399719,0.9992567300796509,0.999171257019043,0.9985296726226807,0.999997079372406,4678.0,4679.0,3.0,4.0,217.15053796768188,0.9893091917037964,0.9893180131912231,0.9901315569877625,0.9893091917037964,0.9897426962852478,0.9901050925254822,0.9794591665267944,0.9976360201835632,1204.0,1203.0,13.0,12.0,17.219011306762695
75,DenseNet201,128,0.3,0.3,64,4,0.9997937083244324,1.0,0.9997937083244324,1.0,0.9998964071273804,0.9997976422309875,0.9997960329055786,1.0000001192092896,4847.0,4848.0,0.0,1.0,162.64058685302734,0.9871323704719543,0.987120509147644,0.986213207244873,0.9871323704719543,0.9866690635681152,0.9862273931503296,0.9733526706695557,0.9967746138572693,1073.0,1074.0,14.0,15.0,17.756200551986694
75,DenseNet201,128,0.3,0.3,64,4,0.9997900128364563,0.998741090297699,0.9995800256729126,0.9987499713897705,0.9991698265075684,0.9995865821838379,0.9983429908752441,0.9999986290931702,4760.0,4756.0,6.0,2.0,162.5396089553833,0.9869791865348816,0.9869791865348816,0.9869791865348816,0.9869791865348816,0.9869791865348816,0.9869791865348816,0.9739583134651184,0.9963126182556152,1137.0,1137.0,15.0,15.0,18.161601066589355
75,DenseNet201,128,0.3,0.3,64,3,0.9991528987884521,0.9987307190895081,0.999788224697113,0.9986739158630371,0.9992059469223022,0.9997296929359436,0.9984119534492493,0.9999979138374329,4721.0,4716.0,6.0,1.0,145.7176456451416,0.984375,0.982758641242981,0.984375,0.9827302694320679,0.9835717082023621,0.9843488931655884,0.9671174883842468,0.99732905626297,1197.0,1195.0,21.0,19.0,17.808252811431885
75,DenseNet201,128,0.3,0.3,64,6,1.0,1.0,0.9997841119766235,1.0,0.9998921155929565,0.999789297580719,0.9997876286506653,0.9999999403953552,4631.0,4632.0,0.0,1.0,187.75694346427917,0.9867187738418579,0.9851794242858887,0.9867187738418579,0.985156238079071,0.9859495162963867,0.9867187738418579,0.9718986749649048,0.9985186457633972,1263.0,1261.0,19.0,17.0,18.62569260597229
75,DenseNet201,128,0.3,0.3,64,4,0.9976435303688049,0.9974303841590881,0.9978577494621277,0.9974315166473389,0.9976488947868347,0.9978594779968262,0.9952975511550903,0.9999687075614929,4658.0,4656.0,12.0,10.0,161.0046775341034,0.9868420958518982,0.9860426783561707,0.9876644611358643,0.9860197305679321,0.9868547320365906,0.9876514077186584,0.9736966490745544,0.9975583553314209,1201.0,1199.0,17.0,15.0,18.38539409637451
75,DenseNet201,128,0.3,0.3,64,4,0.9997880458831787,0.999576210975647,0.9997880458831787,0.9995777010917664,0.9996840953826904,0.9997888803482056,0.9993681907653809,0.9999998211860657,4717.0,4716.0,2.0,1.0,162.54748249053955,0.9827302694320679,0.9835391044616699,0.9827302694320679,0.9835526347160339,0.9831250905990601,0.9827804565429688,0.9663010835647583,0.9966286420822144,1195.0,1196.0,20.0,21.0,18.73290705680847
75,DenseNet201,128,0.3,0.3,64,6,0.9997897148132324,1.0,0.9997897148132324,1.0,0.9998950362205505,0.9997949004173279,0.999793291091919,0.9999999403953552,4755.0,4756.0,0.0,1.0,191.62815475463867,0.9861111044883728,0.9852173924446106,0.9835069179534912,0.9852430820465088,0.9843474626541138,0.9835866093635559,0.9687756299972534,0.9963088035583496,1133.0,1135.0,17.0,19.0,18.29309368133545
75,DenseNet201,128,0.3,0.3,64,2,0.9962484240531921,0.9964553713798523,0.9960400462150574,0.9964583516120911,0.9962499737739563,0.9960575103759766,0.9925159811973572,0.9999392032623291,4779.0,4781.0,17.0,19.0,129.96467852592468,0.9871323704719543,0.9835466146469116,0.9889705777168274,0.9834558963775635,0.9862701296806335,0.9889122247695923,0.9724816679954529,0.9972641468048096,1076.0,1070.0,18.0,12.0,17.71097707748413
75,DenseNet201,128,0.3,0.3,64,4,0.9989388585090637,0.9989388585090637,0.9989388585090637,0.9989442825317383,0.9989442825317383,0.9989475607872009,0.9978917837142944,0.9999974966049194,4707.0,4707.0,5.0,5.0,160.2092742919922,0.9851973652839661,0.9859967231750488,0.984375,0.9860197305679321,0.9851844310760498,0.9844129681587219,0.9704071879386902,0.9966144561767578,1197.0,1199.0,17.0,19.0,17.85862112045288
75,DenseNet201,128,0.3,0.3,64,5,0.9995833039283752,0.9995832443237305,0.9993749856948853,0.9995833039283752,0.9994783401489258,0.9993782639503479,0.9989599585533142,0.9999992251396179,4797.0,4798.0,2.0,3.0,179.81237626075745,0.9826388955116272,0.9800865650177002,0.9826388955116272,0.9800347089767456,0.9813603162765503,0.982611358165741,0.9626932144165039,0.9960587024688721,1132.0,1129.0,23.0,20.0,18.19690704345703
75,DenseNet201,128,0.3,0.3,64,4,0.9985331296920776,0.998323917388916,0.9985331296920776,0.9983333349227905,0.99843829870224,0.9985449314117432,0.9968798756599426,0.9999842643737793,4765.0,4764.0,8.0,7.0,163.26338601112366,0.9895833134651184,0.9904264807701111,0.9878472089767456,0.9904513955116272,0.9891320466995239,0.9879131317138672,0.9783315658569336,0.9963611960411072,1138.0,1141.0,11.0,14.0,18.170360565185547
75,DenseNet201,128,0.3,0.3,64,6,1.0,0.9997873902320862,0.9997873902320862,0.9997888803482056,0.9997888803482056,0.9997921586036682,0.999580979347229,1.0,4703.0,4703.0,1.0,1.0,189.65389609336853,0.9909539222717285,0.9909539222717285,0.9909539222717285,0.9909539222717285,0.9909538626670837,0.9909666180610657,0.9819205403327942,0.997183084487915,1205.0,1205.0,11.0,11.0,17.89170789718628
75,DenseNet201,128,0.3,0.3,64,1,0.9909244179725647,0.9892609119415283,0.9915575981140137,0.9893749952316284,0.9905330538749695,0.9916727542877197,0.9810720086097717,0.9993003010749817,4698.0,4687.0,51.0,40.0,115.44651222229004,0.9817708134651184,0.984279453754425,0.9782986044883728,0.984375,0.9811959862709045,0.9786559343338013,0.9627546668052673,0.9984762668609619,1127.0,1134.0,18.0,25.0,17.485103368759155
75,DenseNet201,128,0.3,0.3,64,6,0.9964150190353394,0.996835470199585,0.9964150190353394,0.996874988079071,0.9966633915901184,0.9964743852615356,0.9933428764343262,0.9997098445892334,4725.0,4727.0,15.0,17.0,189.43765664100647,0.9826388955116272,0.982623815536499,0.9817708134651184,0.9826388955116272,0.9821946024894714,0.9817975163459778,0.9644162058830261,0.9923475384712219,1131.0,1132.0,20.0,21.0,17.412012100219727
75,DenseNet201,128,0.3,0.3,64,7,0.999364972114563,0.9995765686035156,0.999364972114563,0.9995777010917664,0.9994465708732605,0.9993227124214172,0.9988979697227478,0.9999994039535522,4721.0,4722.0,2.0,3.0,206.55182695388794,0.9913194179534912,0.9913194179534912,0.9913194179534912,0.9913194179534912,0.9913194179534912,0.9913194179534912,0.9826388955116272,0.9979379773139954,1142.0,1142.0,10.0,10.0,17.89963412284851
75,DenseNet201,128,0.3,0.3,64,5,0.9995840191841125,0.9993762969970703,0.9997920393943787,0.9993832111358643,0.9995903968811035,0.9997944235801697,0.9991808533668518,0.9999977350234985,4807.0,4805.0,3.0,1.0,179.7970221042633,0.9852941036224365,0.9834710955619812,0.984375,0.9834558963775635,0.9839403629302979,0.9843453764915466,0.9678514003753662,0.9954015016555786,1071.0,1070.0,18.0,17.0,17.889871835708618
75,DenseNet201,128,0.3,0.3,64,5,0.9991809725761414,0.9991809725761414,0.9991809725761414,0.9991883039474487,0.9991883039474487,0.9991914629936218,0.9983797669410706,0.9999954700469971,4880.0,4880.0,4.0,4.0,177.35927414894104,0.978515625,0.9775609970092773,0.978515625,0.9775390625,0.978038489818573,0.9785146713256836,0.9560765027999878,0.9941396713256836,1002.0,1001.0,23.0,22.0,17.090373992919922
75,DenseNet201,128,0.3,0.3,64,8,0.9983115196228027,0.9985225796699524,0.9985225796699524,0.9920833110809326,0.9920833110809326,0.9920865893363953,0.9841699004173279,0.9997552633285522,4731.0,4731.0,7.0,7.0,218.8823766708374,0.9904513955116272,0.9904513955116272,0.9904513955116272,0.9904513955116272,0.9904513955116272,0.9904513955116272,0.9809027910232544,0.9986814260482788,1141.0,1141.0,11.0,11.0,18.03641366958618
75,DenseNet201,128,0.3,0.3,64,1,0.9885272979736328,0.9870967864990234,0.9893617033958435,0.9870617389678955,0.988238513469696,0.9893704056739807,0.976472795009613,0.9986107349395752,4743.0,4732.0,62.0,51.0,116.22616243362427,0.9880514740943909,0.9880514740943909,0.9880514740943909,0.9880514740943909,0.9880513548851013,0.9880656003952026,0.9761170744895935,0.9993409514427185,1075.0,1075.0,13.0,13.0,18.3608877658844
75,DenseNet201,128,0.3,0.3,64,2,0.9970187544822693,0.9957437515258789,0.9963799118995667,0.9957770109176636,0.9960945844650269,0.9964234828948975,0.9922021627426147,0.9998043775558472,4679.0,4676.0,20.0,17.0,130.53081512451172,0.9884868264198303,0.988477349281311,0.9876644611358643,0.9884868264198303,0.9880782961845398,0.9876881837844849,0.9761815071105957,0.9938824772834778,1201.0,1202.0,14.0,15.0,17.5882625579834
75,DenseNet201,128,0.3,0.3,64,0,0.9529138803482056,0.9458665251731873,0.9518581032752991,0.9455236196517944,0.9490628838539124,0.9512338638305664,0.8975273370742798,0.9893697500228882,4508.0,4478.0,258.0,228.0,99.66537022590637,0.9774305820465088,0.9765828251838684,0.9774305820465088,0.9765625,0.977013349533081,0.9774029850959778,0.9539992809295654,0.9933562874794006,1126.0,1125.0,27.0,26.0,17.77867817878723
75,DenseNet201,128,0.3,0.3,64,3,0.9959626197814941,0.9951136708259583,0.9953250885009766,0.9949572682380676,0.9951620101928711,0.9953672885894775,0.9903368353843689,0.99989914894104,4684.0,4683.0,23.0,22.0,147.43868374824524,0.9851973652839661,0.9835796356201172,0.9851973652839661,0.9835526347160339,0.9844005107879639,0.9851582050323486,0.9687620401382446,0.9962140321731567,1198.0,1196.0,20.0,18.0,17.733145713806152
75,DenseNet201,128,0.3,0.3,64,2,0.9976812601089478,0.9974683523178101,0.9966273307800293,0.9975000023841858,0.9970784783363342,0.9966888427734375,0.994179368019104,0.99965500831604,4728.0,4732.0,12.0,16.0,131.6496205329895,0.9895833134651184,0.9904264807701111,0.9878472089767456,0.9904513955116272,0.9891114830970764,0.9879527688026428,0.9783304929733276,0.998516321182251,1138.0,1141.0,11.0,14.0,18.67109704017639
75,DenseNet201,128,0.3,0.3,64,3,0.996208906173706,0.9959991574287415,0.996208906173706,0.9960416555404663,0.9961450099945068,0.9962595701217651,0.992299497127533,0.9999370574951172,4730.0,4729.0,19.0,18.0,147.41077256202698,0.9826388955116272,0.9843205809593201,0.9809027910232544,0.984375,0.9825906753540039,0.9810346961021423,0.9653156995773315,0.9963048100471497,1130.0,1134.0,18.0,22.0,19.045587301254272
75,DenseNet201,128,0.3,0.3,64,10,0.9997836351394653,1.0,0.9995672702789307,1.0,0.9997842907905579,0.9995784759521484,0.9995752573013306,0.9999998807907104,4620.0,4622.0,0.0,2.0,246.3586664199829,0.989062488079071,0.9890453815460205,0.987500011920929,0.989062488079071,0.9882750511169434,0.9875240325927734,0.9765745401382446,0.9971558451652527,1264.0,1266.0,14.0,16.0,17.635011434555054
75,DenseNet201,128,0.3,0.3,64,7,0.9997905492782593,1.0,0.9997905492782593,1.0,0.9998950362205505,0.9997949004173279,0.999793291091919,0.9999999403953552,4773.0,4774.0,0.0,1.0,208.74264907836914,0.9904513955116272,0.9904513955116272,0.9904513955116272,0.9904513955116272,0.9904513955116272,0.9904513955116272,0.9809027910232544,0.9952365756034851,1141.0,1141.0,11.0,11.0,18.22797203063965
75,DenseNet201,128,0.3,0.3,64,5,0.9995830059051514,0.999582827091217,0.999165952205658,0.9995833039283752,0.9993733763694763,0.999173104763031,0.9987532496452332,0.9999967813491821,4792.0,4794.0,2.0,4.0,177.58572483062744,0.984375,0.9834710955619812,0.984375,0.9834558963775635,0.9839332699775696,0.9843458533287048,0.9678375124931335,0.9960101246833801,1071.0,1070.0,18.0,17.0,17.340802907943726
75,DenseNet201,128,0.3,0.3,64,2,0.9960629940032959,0.9958540797233582,0.9954413771629333,0.9958881735801697,0.9956808686256409,0.9954958558082581,0.9913808703422546,0.9999005198478699,4804.0,4806.0,20.0,22.0,133.05997347831726,0.9898896813392639,0.991705060005188,0.9889705777168274,0.9917279481887817,0.9903239011764526,0.989041268825531,0.980719268321991,0.9994178414344788,1076.0,1079.0,9.0,12.0,17.450829029083252
75,DenseNet201,128,0.3,0.3,64,4,0.998741626739502,0.9983224868774414,0.9985318779945374,0.9983333349227905,0.99843829870224,0.9985449314117432,0.9968798756599426,0.9999966025352478,4761.0,4760.0,8.0,7.0,162.03901028633118,0.9887152910232544,0.9895742535591125,0.9887152910232544,0.9895833134651184,0.9891390204429626,0.9887419939041138,0.9783051013946533,0.9976965188980103,1139.0,1140.0,12.0,13.0,18.350428581237793
75,DenseNet201,128,0.3,0.3,64,7,1.0,0.9995877146720886,0.9997938275337219,0.9995887875556946,0.999692440032959,0.9997944235801697,0.9993848204612732,0.9999999403953552,4849.0,4848.0,2.0,1.0,207.55605387687683,0.984375,0.983410120010376,0.9806985259056091,0.9834558963775635,0.9820007085800171,0.9808943271636963,0.9642003178596497,0.996444821357727,1067.0,1070.0,18.0,21.0,16.9778733253479
75,DenseNet201,128,0.3,0.3,64,11,1.0,1.0,1.0,1.0,1.0,1.0,1.0,1.0,4670.0,4670.0,0.0,0.0,263.95686960220337,0.9868420958518982,0.9876135587692261,0.9835526347160339,0.9876644611358643,0.9855533242225647,0.9837043881416321,0.9712601900100708,0.9987388253211975,1196.0,1201.0,15.0,20.0,18.24255347251892
