subset,model,runtime,val_runtime,total_runtime,accuracy_mean,accuracy_median,accuracy_lower,accuracy_upper,accuracy_lower_whisker,accuracy_upper_whisker,precision_mean,precision_median,precision_lower,precision_upper,precision_lower_whisker,precision_upper_whisker,sensitivity_mean,sensitivity_median,sensitivity_lower,sensitivity_upper,sensitivity_lower_whisker,sensitivity_upper_whisker,specificity_mean,specificity_median,specificity_lower,specificity_upper,specificity_lower_whisker,specificity_upper_whisker,f1_score_mean,f1_score_median,f1_score_lower,f1_score_upper,f1_score_lower_whisker,f1_score_upper_whisker,auc_mean,auc_median,auc_lower,auc_upper,auc_lower_whisker,auc_upper_whisker,npv_mean,npv_median,npv_lower,npv_upper,npv_lower_whisker,npv_upper_whisker,mcc_mean,mcc_median,mcc_lower,mcc_upper,mcc_lower_whisker,mcc_upper_whisker,val_sensitivity_mean,val_sensitivity_median,val_sensitivity_lower,val_sensitivity_upper,val_sensitivity_lower_whisker,val_sensitivity_upper_whisker,val_accuracy_mean,val_accuracy_median,val_accuracy_lower,val_accuracy_upper,val_accuracy_lower_whisker,val_accuracy_upper_whisker,val_precision_mean,val_precision_median,val_precision_lower,val_precision_upper,val_precision_lower_whisker,val_precision_upper_whisker,val_specificity_mean,val_specificity_median,val_specificity_lower,val_specificity_upper,val_specificity_lower_whisker,val_specificity_upper_whisker,val_f1_score_mean,val_f1_score_median,val_f1_score_lower,val_f1_score_upper,val_f1_score_lower_whisker,val_f1_score_upper_whisker,val_auc_mean,val_auc_median,val_auc_lower,val_auc_upper,val_auc_lower_whisker,val_auc_upper_whisker,val_npv_mean,val_npv_median,val_npv_lower,val_npv_upper,val_npv_lower_whisker,val_npv_upper_whisker,val_mcc_mean,val_mcc_median,val_mcc_lower,val_mcc_upper,val_mcc_lower_whisker,val_mcc_upper_whisker
5,MobileNetV2,51.13855624675751,3.48769766330719,54.6262539100647,86.05200839042664,86.37057840824127,83.71010720729828,87.702976167202,77.7208037674427,93.69227960705757,85.81802654266357,86.2574577331543,83.64061415195465,87.66452968120575,77.604740858078,93.7004029750824,85.79747211933136,86.20142042636871,83.69449228048325,87.69734799861908,77.6902087032795,93.70163157582283,85.79728400707245,86.29264235496521,83.07643681764603,87.65778839588165,76.20440945029259,94.52981576323509,85.77580088376999,86.2755298614502,83.12095701694489,87.614406645298,76.3807825744152,94.35458108782768,93.56514018774033,94.17031109333038,91.8842762708664,95.30232250690459,86.75720691680911,100.42939186096189,85.80517339706421,86.2683653831482,83.16566050052643,87.6043900847435,76.50756612420082,94.2624844610691,71.59471875429153,72.59363830089569,66.22980833053589,75.252266228199,52.696121484041214,88.78595307469368,65.25764176249504,65.23074805736542,50.0,83.91033411026001,-0.8655011653900146,134.77583527565002,68.94379317760468,69.42401826381683,61.5611270070076,78.81433963775635,35.681308060884476,104.69415858387947,68.45530867576599,67.37451553344727,56.78132921457291,81.83815777301788,19.19608637690544,119.42340061068535,66.38020674418658,67.2656238079071,51.11362338066101,84.78618413209915,0.6047822535037994,135.29502525925636,63.871954947710044,67.01303720474243,51.39277130365372,75.02943128347397,15.93778133392334,110.48442125320435,76.5310527086258,77.09264755249023,68.19790005683899,85.82512736320496,41.75705909729004,112.2659683227539,68.24857112765312,67.40705370903015,56.30856454372406,81.40300065279007,18.666910380125046,119.04465481638908,33.94793378992472,33.34563672542571,19.621921703219407,48.401932418346405,-23.54809436947109,91.5719484910369
10,MobileNetV2,63.88084672451019,3.5059545493125914,67.38680127382278,89.9131189584732,89.84335362911224,88.13007920980453,92.12085902690887,82.14390948414803,98.10702875256538,89.6743032336235,89.6339476108551,87.85999417304993,92.22544580698016,81.31181672215459,98.77362325787549,89.67015582323074,89.71548676490784,87.93548792600632,92.03749895095824,81.78247138857841,98.19051548838615,89.65582323074341,89.51388597488403,87.85249441862106,92.23663806915285,81.27627894282341,98.81285354495049,89.65164691209793,89.45974707603455,87.91661411523819,92.1563446521759,81.55701830983162,98.51594045758247,96.20017129182816,96.56806588172913,95.39634883403778,98.03135395050047,91.44384115934372,101.98386162519456,89.67152309417725,89.49984610080719,87.88866400718689,92.07153767347334,81.61435350775722,98.34584817290305,79.32820838689804,78.92148196697235,75.85788071155548,84.34079885482788,63.13350349664688,97.06517606973648,74.34409596025944,80.39726316928864,60.18043607473373,89.23611342906952,16.596920043230057,132.8196294605732,76.84913635253906,82.49336183071136,71.85329794883728,86.18420958518982,50.35693049430847,107.68057703971864,75.70066466927528,78.35650742053986,66.38864427804947,87.22972571849823,35.12702211737633,118.49134787917136,74.15326285362244,78.88568937778473,60.26731133460999,88.60932439565659,17.754291743040085,131.1223439872265,73.5594339966774,76.2053519487381,65.80108553171158,84.86844301223755,37.20004931092262,113.4694792330265,84.82443669438362,89.3195241689682,80.46309649944305,92.87234544754028,61.84922307729721,111.48621886968613,76.24488744139671,79.7559916973114,66.49076640605927,88.70109021663666,33.175280690193176,122.01657593250276,50.06196828943212,52.88483202457428,39.03126120567321,68.82792860269547,-5.66373988986017,113.52292969822884
15,MobileNetV2,75.8617924284935,3.404082293510437,79.26587472200394,93.500767827034,93.70431303977966,90.58820456266405,96.79905027151108,81.27193599939346,106.11531883478165,93.3466824889183,93.70661675930025,90.35162925720216,96.7759445309639,80.71515634655952,106.41241744160652,93.33593738079072,93.7982589006424,90.49627780914304,96.60668373107907,81.330668926239,105.77229261398315,93.33418148756029,93.69423985481262,90.3794452548027,96.8014508485794,80.74643686413768,106.43445923924445,93.32818472385406,93.7840849161148,90.35844802856444,96.73451483249664,80.79434782266617,106.29861503839491,98.00556808710098,98.59979152679443,96.94667607545853,99.5979204773903,92.96980947256084,103.57478708028796,93.33968299627304,93.8098520040512,90.49832820892333,96.6277241706848,81.3042342662811,105.82181811332704,86.67373937368393,87.56667673587799,80.73591589927673,93.48249733448029,61.616043746471405,112.6023694872856,83.57881692051888,86.40350699424744,79.81085479259491,90.64670205116272,63.5570839047432,106.90047293901443,84.28159415721893,86.55941486358643,80.7771384716034,90.22980779409409,66.59813448786738,104.4088117778301,83.78708946704865,85.86905300617218,80.85550665855408,89.94376957416534,67.22311228513718,103.57616394758224,83.52951031923294,85.9375,80.84788471460342,89.87821638584137,67.3023872077465,103.42371389269827,83.43136239051819,86.05049252510071,79.76064383983612,89.99291807413101,64.41223248839378,105.34132942557336,91.2633808851242,92.86157190799712,89.13012593984604,95.66234350204468,79.33179959654808,105.46066984534264,84.01123714447021,86.51976585388184,80.27063608169556,90.5319109559059,64.87872377038005,105.92382326722142,67.45319491624832,72.02484905719757,59.53589528799057,79.98468577861786,28.86270955204964,110.6578715145588
20,MobileNetV2,75.1939347410202,3.324855732917785,78.51879047393798,94.92056781053545,95.3167349100113,92.32483506202698,98.70800524950027,82.750079780817,108.28276053071023,94.75020790100098,95.27774155139925,92.00769811868668,98.68323355913162,81.99439495801926,108.69653671979904,94.78749430179596,95.38063108921052,92.2871634364128,98.68798404932024,82.68593251705167,108.28921496868136,94.73172634840012,95.26943862438202,91.84762686491013,98.69362264871596,81.57863318920135,108.96261632442474,94.74879640340804,95.3405499458313,92.0804098248482,98.6872047185898,82.17021748423578,108.5973970592022,98.50513106584548,99.13611710071564,97.71076142787932,99.894417822361,94.43527683615682,103.16990241408352,94.77763736248016,95.40720582008362,92.26835370063785,98.66851270198822,82.66811519861224,108.2687512040138,89.51113718748093,90.68151116371156,84.13099646568298,97.3819673061371,64.2545402050018,117.25842356681828,86.19521576166153,89.76151049137115,83.35503488779068,92.04963445663452,70.31313553452492,105.09153380990028,86.71504539251328,89.69754874706268,83.18599164485931,92.20805913209917,69.65289041399956,105.74116036295892,86.69516015052795,89.72123861312866,83.90153497457504,92.27445572614673,71.34215384721753,104.8338368535042,86.64463806152344,89.71313834190369,84.0391993522644,92.36111044883728,71.55633270740509,104.8439770936966,86.35018050670624,89.74595665931702,83.06166678667068,91.94170981645584,69.74160224199298,105.26177436113356,93.00114315748216,95.31559944152832,91.21870994567873,96.80827707052232,82.83435925841329,105.19262775778772,86.40139448642731,89.40552175045013,82.86246806383133,91.92743152379992,69.26502287387845,105.52487671375278,72.97283464670181,79.1444331407547,66.34321063756943,83.95410031080246,39.92687612771988,110.370434820652
25,MobileNetV2,76.59828536272049,3.267290575504303,79.8655759382248,95.98071491718292,97.48133718967438,93.32908391952516,99.651138484478,83.84600207209587,109.13422033190729,95.80442810058594,97.39758670330048,93.11206489801408,99.61948692798616,83.35093185305595,109.38061997294426,95.83613681793211,97.41811454296112,93.20599138736723,99.61937218904494,83.58592018485072,109.23944339156148,95.77690947055817,97.37588465213776,93.07513386011124,99.6211975812912,83.2560382783413,109.44029316306114,95.7962014079094,97.38694429397584,93.08605939149857,99.6214210987091,83.28301683068275,109.42446365952492,98.76694601774216,99.6951460838318,98.06554466485976,99.99329596757887,95.1739177107811,102.88492292165756,95.81665408611298,97.39726185798644,93.1501716375351,99.62161779403688,83.44300240278244,109.32878702878952,91.59945911169052,94.77600157260896,86.19287610054016,99.24346208572386,66.61699712276462,118.81934106349942,89.66509890556335,92.45876669883728,87.02256828546524,94.04810965061188,76.48425623774529,104.58642169833185,89.47975128889084,92.31314063072205,86.74045354127884,94.11892294883728,75.67274942994118,105.18662706017494,89.21655869483948,91.55464768409728,86.33089363574982,94.08296942710876,74.7027799487114,105.7110831141472,88.77173130959272,91.68198704719543,86.4925965666771,94.11321133375168,75.06167441606522,105.54413348436356,89.3354287147522,92.04343557357788,86.42940372228622,93.9552128314972,75.14069005846977,105.24392649531364,94.71249413490295,96.88133001327516,94.03013885021208,97.45838791131972,88.88776525855062,102.6007615029812,89.73269665241241,92.54252314567566,86.81046664714813,94.15521472692488,75.79334452748301,105.17233684659,78.62329906225204,83.76056253910065,72.69779294729233,87.9629984498024,49.79998469352722,110.8608067035675
30,MobileNetV2,80.10541892290115,3.1980475306510927,83.30346645355225,97.19472396373747,98.77154529094696,95.53837627172469,99.89398717880248,89.00495991110799,106.4274035394192,97.05502021312714,98.7297385931015,95.39901614189148,99.88007992506029,88.67742046713826,106.60167559981348,97.08473879098892,98.7505465745926,95.38858234882356,99.85939264297484,88.68236690759659,106.5656080842018,97.04131525754929,98.7395852804184,95.3933387994766,99.875408411026,88.67023438215254,106.59851282835008,97.05929887294768,98.75031113624571,95.38665562868118,99.87873435020444,88.64853754639628,106.61685243248937,99.20786321163176,99.9117076396942,99.03928935527802,99.9991148710251,97.59955108165738,101.43885314464572,97.07788443565369,98.7622767686844,95.41143625974657,99.86099302768709,88.73710110783574,106.53532817959788,94.12389254570007,97.50252962112428,90.78225493431091,99.75826740264893,77.31823623180392,113.22228610515592,90.38600248098372,94.00127828121184,89.12417739629745,95.3536182641983,79.78001609444618,104.69777956604958,90.5888369679451,93.82995069026948,90.0400921702385,95.25082260370256,82.22399652004239,103.06691825389863,90.57505416870116,93.9800500869751,90.00472873449327,95.2449306845665,82.14442580938342,103.10523360967632,90.5588173866272,94.07894611358644,89.6248534321785,95.25082260370256,81.1858996748924,103.68977636098865,90.45482850074768,93.73587369918825,89.84698802232742,95.1841041445732,81.84131383895874,103.1897783279419,95.00153464078905,97.2869634628296,95.64621299505234,98.13873320817946,91.90743267536166,101.87751352787016,90.45851939916612,93.89545619487762,89.68366831541061,95.2360302209854,81.35512545704842,103.5645730793476,80.99432854354382,87.54238784313202,79.49669510126114,90.38321226835252,63.16691935062408,106.71298801898956
35,MobileNetV2,84.30022085428237,3.099042766094208,87.39926362037659,97.37832337617874,99.5209962129593,94.86257582902908,99.94260519742966,87.2425317764282,107.56264925003056,97.21758937835692,99.47047531604768,94.7192057967186,99.93663430213928,86.8930630385876,107.76277706027028,97.19872933626176,99.51949119567873,94.94609385728836,99.94221180677415,87.45191693305965,107.43638873100284,97.19895219802856,99.47349727153778,94.68986839056016,99.93600547313692,86.820662766695,107.80521109700206,97.18759572505952,99.49893355369568,94.85610127449036,99.93526488542558,87.23735585808755,107.55401030182838,99.2170023918152,99.96992349624634,98.89983981847764,99.99983459711076,97.24984765052793,101.64982676506044,97.19403672218324,99.52468574047089,94.95532661676404,99.94290471076964,87.47395947575566,107.42427185177806,94.38913547992706,98.99883270263672,89.70732390880585,99.86978769302368,74.4636282324791,115.11348336935043,91.5349097251892,94.89889740943909,89.48940485715866,96.39642834663393,79.12886962294579,106.7569635808468,91.44668596982956,94.7610318660736,89.1036182641983,96.51245921850206,77.99035683274266,107.62572064995769,91.20211261510848,94.69369947910307,88.67986053228378,96.36556953191756,77.1512970328331,107.89413303136826,91.08182030916214,94.68698799610138,88.84239792823792,96.3620498776436,77.56292000412941,107.64152780175208,91.34969794750214,94.67158615589142,88.85828852653503,96.4636355638504,77.45026797056198,107.87165611982346,95.6855689883232,97.70372211933136,95.42876780033112,98.44301789999008,90.90739265084268,102.96439304947852,91.48934084177016,94.85410749912262,89.31706845760345,96.36725187301636,78.7417933344841,106.94252699613573,82.66399377584457,89.33951556682587,77.24097073078156,92.91308522224423,53.73279899358752,116.4212569594383
40,MobileNetV2,75.37393873214722,3.0323643398284914,78.40630307197571,97.24928659200668,98.78723621368408,93.07710379362106,99.96324628591536,82.7478900551796,110.29246002435684,97.06708133220673,98.8682895898819,92.55477488040924,99.97844099998474,81.41927570104599,111.113940179348,97.02453631162643,98.77077043056488,92.43306517601012,99.95774179697035,81.14605024456978,111.24475672841072,97.05950474739076,98.87485802173616,92.5532117486,99.97859597206116,81.41513541340828,111.11667230725288,97.0354910492897,98.81560802459715,92.47064292430878,99.96830821037294,81.22414499521253,111.21480613946918,99.22590982913972,99.91579353809357,97.78764247894289,99.99995827674866,94.46916878223422,103.31843197345732,97.02607315778732,98.7882137298584,92.40509271621704,99.95831698179244,81.0752563178539,111.2881533801556,94.08399260044098,97.6368635892868,84.92487967014313,99.9370276927948,62.40665763616564,122.45524972677228,88.24873292446136,92.95275807380676,83.00781100988388,96.53234779834747,62.72100582718849,116.81915298104286,88.84378558397293,92.2697365283966,84.16141271591187,96.44097089767456,65.74207544326782,114.8603081703186,88.81583988666534,92.47040152549744,85.70954203605652,96.33798003196716,69.76688504219055,112.28063702583312,88.71779352426529,92.76475608348846,85.91580092906952,96.33119106292725,70.29271572828296,111.9542762637138,88.36341643333435,92.00838506221773,83.34921598434448,96.39789015054704,63.776204735040665,115.97090139985085,93.82837408781052,96.52862548828124,91.52471125125886,98.3414351940155,81.2996253371239,108.56652110815044,88.61549270153046,92.8590089082718,83.38809907436371,96.52522206306458,63.68241459131241,116.23090654611588,77.20642229914665,84.11589860916138,65.61732590198517,92.79609620571136,24.84917044639589,133.56425166130063
45,MobileNetV2,90.30606877326966,2.877846274375916,93.18391504764556,98.44640517234802,99.8953342437744,98.11724722385406,100.0,95.29311805963516,102.8241291642189,98.34158945083618,99.87118542194366,98.14480245113371,100.0,95.36200612783432,102.7827963232994,98.33860731124878,99.88179206848145,98.23663681745528,99.9790832400322,95.62296718358994,102.59275287389757,98.34085243940352,99.85118508338928,98.13308417797089,100.0,95.33271044492722,102.80037373304368,98.33829325437546,99.86196756362916,98.18778187036514,99.98939633369446,95.48536017537116,102.69181802868844,99.6133325099945,99.99927878379822,99.7968092560768,99.99999403953552,99.49203208088876,100.3047712147236,98.34222304821014,99.86540377140048,98.23911339044572,99.9794900417328,95.62854841351506,102.59005501866343,96.68282878398897,99.72423613071442,96.37678861618043,99.97904896736144,90.97339808940892,105.38243949413295,91.39005076885223,96.3985115289688,88.8123631477356,97.37527221441267,75.96799954771996,110.21963581442832,92.0644297003746,96.43962979316711,89.75788503885269,97.45865166187286,78.20673510432243,109.00980159640312,92.29122793674468,96.43817245960236,89.90478068590164,97.36841917037964,78.70932295918465,108.56387689709663,92.3222228884697,96.43962979316711,90.69809913635255,97.36841917037964,80.69261908531192,107.37389922142026,91.71173298358916,96.39617800712584,89.86100852489471,97.3674401640892,78.60136106610298,108.62708762288094,95.85807025432588,98.31802546977995,95.29412984848022,98.86661767959596,89.93539810180664,104.22534942626952,91.70651966333388,96.40167355537416,88.91167044639587,97.37811982631683,76.2119963765144,110.0777938961983,83.8530583679676,92.78653860092165,79.77113723754883,94.73714977502824,57.32211843132973,117.18616858124732
50,MobileNetV2,80.01418731689454,2.5997795152664183,82.61396683216095,98.84817606210709,99.78600442409515,98.88830482959747,99.9788448214531,97.25249484181404,101.61465480923653,98.75746899843216,99.75533485412598,98.897385597229,99.96337741613388,97.29839786887167,101.5623651444912,98.75914639234544,99.786639213562,98.93393218517303,99.9788448214531,97.36656323075294,101.54621377587318,98.74213188886642,99.74488615989684,98.89814853668211,99.96346980333328,97.3001666367054,101.56145170331,98.74354684352876,99.76577758789062,98.9402025938034,99.97134655714036,97.39348664879796,101.5180625021458,99.7388247847557,99.98868703842165,99.91298615932465,99.99998360872269,99.7824899852276,100.13047978281972,98.74296367168428,99.76688027381896,98.93797636032104,99.97898936271667,97.3764568567276,101.54050886631012,97.48861956596376,99.53240752220154,97.88095802068707,99.94269162416458,94.78835761547086,103.03529202938084,94.21965056657793,96.9161182641983,93.73046904802322,97.56944179534912,87.97200992703438,103.32790091633797,94.034322142601,96.95952236652374,93.15136671066284,97.63206392526624,86.43032088875769,104.3531097471714,93.69101214408876,96.91968858242036,93.11320185661314,97.5683867931366,86.43042445182797,104.25116419792178,93.43497747182846,96.95952236652374,93.0345371365547,97.56944179534912,86.23218014836308,104.37179878354075,93.9137209057808,96.9143807888031,93.19138675928116,97.56922721862794,86.62462607026097,104.13598790764811,97.13835644721983,98.62671196460724,97.14880585670473,99.05747175216676,94.28580701351169,101.92047059535976,94.13661175966264,96.9055026769638,93.64740997552872,97.56711423397064,87.76785358786583,103.44667062163352,87.74720585346222,93.83880198001862,86.2628921866417,95.13443559408188,72.95557707548141,108.44175070524216
55,MobileNetV2,76.48065544366837,3.5927701354026795,80.07342557907104,98.96194845438004,99.72564280033112,98.75926822423936,99.97884929180144,96.9298966228962,101.8082208931446,98.86383140087128,99.73124563694,98.68725389242172,99.97871965169908,96.7500552535057,101.91591829061508,98.9036786556244,99.70971643924712,98.73815029859544,99.97864365577698,96.87741026282312,101.83938369154929,98.83263909816742,99.687260389328,98.69798570871352,99.96339678764345,96.79986909031868,101.86151340603828,98.85696417093276,99.69957768917084,98.70981127023695,99.96473640203476,96.82742357254028,101.84712409973145,99.78515177965164,99.98619258403778,99.90825057029724,99.9999701976776,99.77067112922671,100.13754963874814,98.875086247921,99.69604313373566,98.74138087034224,99.96419996023178,96.90715223550794,101.7984285950661,97.71313118934631,99.4000107049942,97.42038697004315,99.92958903312685,93.65658387541768,103.69339212775232,94.68514239788055,96.29934430122375,94.42274123430252,97.61029481887816,89.64141085743907,102.39162519574164,94.8818354010582,96.32675647735596,94.2639783024788,97.69737124443054,89.11388888955116,102.84746065735816,94.84292978048325,96.40180468559264,94.0193861722946,97.70061820745468,88.49753811955449,103.2224662601948,94.85056459903716,96.44097089767456,93.97843480110168,97.69857972860336,88.39821740984917,103.27879711985588,94.74883896112442,96.25118970870972,94.19028609991074,97.62349724769592,89.04046937823296,102.7733139693737,97.84223192930222,98.62404763698578,97.94166386127472,99.05714988708496,96.2684348225594,100.7303789258003,94.75015819072723,96.21769785881042,94.3959966301918,97.61630445718764,89.56553488969803,102.44676619768144,89.57084199786186,92.49348640441896,88.35430443286896,95.25456130504608,78.00391912460327,105.60494661331175
60,MobileNetV2,70.64059527635574,3.3521400117874145,73.99273528814315,99.12306237220764,99.63718354701996,98.97209405899048,99.97874349355698,97.46211990714072,101.48871764540672,99.08303987979887,99.6192902326584,98.99346828460692,99.97865706682204,97.51568511128426,101.45644024014472,99.0674126148224,99.61239099502563,98.87764900922777,99.9576896429062,97.25758805871013,101.5777505934238,99.0687912106514,99.61993098258972,98.98706376552582,99.96388107538225,97.5218378007412,101.42910704016684,99.06102365255356,99.6255099773407,98.9431232213974,99.95054900646213,97.43198454380033,101.46168768405916,99.84871691465378,99.97589886188509,99.92011189460752,99.99995976686478,99.80034008622168,100.11973157525064,99.0553051829338,99.61690306663512,98.88359904289246,99.94389414787292,97.29315638542175,101.53433680534364,98.12486350536346,99.25197660923004,97.8914186358452,99.90198314189912,94.87557187676433,102.91782990097995,94.96101886034012,96.32675647735596,93.23172122240068,98.02631735801695,86.03982701897624,105.2182115614414,94.94139581918716,96.16013169288637,93.2360216975212,98.00347089767456,86.08484789729118,105.1546446979046,94.72248750925064,96.3391661643982,92.53482818603516,97.87727743387224,84.52115431427953,105.89095130562784,94.67483484745026,96.3439553976059,92.53015220165253,97.87555038928986,84.51205492019653,105.89364767074584,94.82857662439346,96.25394642353058,93.30387562513351,97.88335114717484,86.43466234207155,104.75256443023682,97.83513009548189,98.67854118347168,97.71212935447691,99.11527633666992,95.60740888118744,101.2199968099594,94.98067808151244,96.34597301483154,93.1520089507103,98.0108618736267,85.8637295663357,105.2991412580013,89.67921030521393,92.50313639640808,86.38573735952377,95.7642376422882,72.31798693537712,109.83198806643486
65,MobileNetV2,81.52319334983825,3.343702356815338,84.8668957066536,99.0898022055626,99.8524397611618,99.2966949939728,99.98452812433244,98.26494529843332,101.01627781987187,99.03469359874724,99.85217452049255,99.26623404026031,99.98452812433244,98.18879291415216,101.0619692504406,99.02922093868256,99.831360578537,99.20683801174164,99.97934848070145,98.04807230830195,101.13811418414112,99.01412731409071,99.85318183898926,99.2599919438362,99.98458176851273,98.17310720682144,101.0714665055275,99.01236760616302,99.83873963356018,99.24517422914506,99.98941421508788,98.12881425023082,101.10577419400212,99.81971657276154,99.9975860118866,99.9445214867592,99.99999403953552,99.86131265759468,100.08320286870004,99.01320815086363,99.83285069465636,99.20882582664493,99.9794900417328,98.05282950401308,101.13548636436462,98.02810287475586,99.67796504497528,98.49351346492766,99.97911900281905,96.26510515809058,102.20752730965614,94.13905322551727,97.00520932674408,93.24972778558733,98.2536792755127,85.74380055069923,105.75960651040076,94.25636857748032,96.91840410232544,94.32462751865388,98.16559255123138,88.5631799697876,103.92704010009766,94.2314532995224,97.32534885406494,94.46367621421813,98.14926087856291,88.93529921770093,103.67763787508014,94.15054386854172,97.32179343700408,94.51069235801698,98.14883917570114,89.05347213149074,103.60605940222736,94.15948969125748,96.887868642807,93.5849830508232,98.16879779100418,86.70926094055173,105.04451990127566,97.09273862838744,98.86443018913268,97.69922643899918,99.2681384086609,95.34585848450658,101.62150636315349,94.14003276824953,96.97927534580232,93.29210370779036,98.24084490537643,85.86899191141129,105.66395670175552,88.33368841558695,93.80117356777193,87.24606186151505,96.33216559886934,73.6169062554836,109.96132120490076
70,MobileNetV2,79.19792891502381,3.2709135603904724,82.46884247541428,98.93498474359512,99.84028339385986,98.768450319767,100.0,96.92112579941752,101.84732452034947,98.85399657487868,99.84323382377625,98.74406307935716,100.0,96.86015769839288,101.88390538096428,98.84679645299911,99.85082149505617,98.67037832736968,100.0,96.67594581842422,101.99443250894548,98.82923871278764,99.83214735984802,98.6836463212967,100.0,96.70911580324176,101.97453051805492,98.8266258239746,99.83201324939728,98.60966205596922,99.98959600925446,96.53976112604138,102.05949693918232,99.76743292808531,99.99864101409912,99.86535906791686,99.99999403953552,99.66340661048886,100.20194649696352,98.82821726799013,99.83457624912262,98.5453590750694,100.0,96.36339768767354,102.18196138739587,97.65770959854126,99.6640294790268,97.22612798213956,99.97918754816054,93.09653863310812,104.108776897192,94.11357134580612,96.8724489212036,92.37253218889236,98.18050861358644,83.66056755185127,106.89247325062752,94.13795763254166,96.61458432674408,92.44449138641356,98.2562318444252,83.72688069939613,106.97384253144264,93.98415637016296,96.57250642776488,92.30477660894394,98.17708134651184,83.49631950259209,106.9855384528637,93.9484160542488,96.57118022441864,92.33255684375762,98.17708134651184,83.56577008962628,106.9438681006432,94.03757798671722,96.41060829162598,92.33418852090834,98.18500727415083,83.55796039104459,106.96123540401462,97.04906517267229,98.75985980033876,96.890926361084,99.24506992101668,93.35971102118496,102.77628526091571,94.12248635292052,96.85671031475069,92.3572227358818,98.18613827228546,83.6138494312763,106.92951157689096,88.08930093050003,92.8192675113678,84.90868806838989,96.36965841054916,67.71723255515099,113.56111392378808
75,MobileNetV2,83.94027832508087,3.198990197181702,87.13926852226257,99.4493333697319,99.9261736869812,99.53922480344772,100.0,98.84806200861932,100.6911627948284,99.39810067415236,99.93625283241272,99.47826862335204,100.0,98.69567155838013,100.78259706497192,99.40223455429076,99.91625249385834,99.54447448253632,100.0,98.86118620634082,100.6832882761955,99.38520157337187,99.93524849414824,99.47559684515,100.0,98.68899211287498,100.786604732275,99.38786035776138,99.92641806602478,99.50658231973648,100.0,98.7664557993412,100.74012652039528,99.8972480893135,99.99936521053314,99.97428953647614,99.99999552965164,99.93573054671288,100.0385545194149,99.390134036541,99.91730153560638,99.5500862598419,100.0,98.87521564960475,100.67487061023716,98.77683705091476,99.85397160053252,99.01495277881622,100.0,97.53738194704056,101.47757083177568,94.80182176828384,97.45225608348846,94.62436884641647,98.4375,88.90467211604118,104.15719673037528,95.03376585245132,97.40885198116302,94.61348801851274,98.52087944746016,88.7524008750916,104.3819665908813,95.03723233938216,97.37913012504578,95.26890367269516,98.4378382563591,90.51550179719922,103.19124013185504,95.0362519621849,97.40953743457794,95.38143277168273,98.4375,90.79733192920682,103.02160084247592,94.90530371665956,97.24722504615784,94.40623819828032,98.43544512987135,88.36242780089381,104.47925552725788,97.48399746418,98.98740947246552,97.5771188735962,99.38172847032548,94.87020447850227,102.0886428654194,94.84722620248796,97.4031776189804,94.60212588310242,98.4395623207092,88.84597122669223,104.19571697711942,89.86278757452965,94.48462426662444,88.85931372642517,96.87628597021104,76.83385536074638,108.90174433588982
80,MobileNetV2,91.86329041957856,3.159421610832214,95.02271203041076,99.39918571710588,99.9366819858551,99.67502653598784,99.98464435338973,99.21059980988504,100.44907107949254,99.35467678308488,99.93666112422945,99.63955730199814,100.0,99.09889325499536,100.5406640470028,99.34385216236116,99.9366819858551,99.6584579348564,99.97938722372054,99.17706400156024,100.46078115701673,99.3309319615364,99.90092515945436,99.6184527873993,100.0,99.04613196849826,100.57232081890103,99.32460629940032,99.8962640762329,99.61283057928084,99.98967349529266,99.04756620526314,100.55493786931038,99.88421857357024,99.99960064888,99.97054040431976,99.99999403953552,99.92635995149612,100.04417449235916,99.32475137710573,99.8907446861267,99.604195356369,99.979829788208,99.0407437086105,100.54328143596652,98.65379858016968,99.7931867837906,99.22760426998136,99.97966885566711,98.09950739145276,101.10776573419574,96.15388530492784,97.93037474155426,95.54610997438432,98.3552634716034,91.33237972855564,102.56899371743204,96.03911620378494,97.94475138187408,95.08782923221588,98.4375,90.0633230805397,103.46200615167618,95.85633873939514,97.85842597484589,95.29078304767609,98.43615889549255,90.5727192759514,103.15422266721724,95.81397330760956,97.85539209842682,95.3090727329254,98.4375,90.61643183231352,103.1301409006119,96.00278425216676,97.9266345500946,95.02644836902616,98.39400202035904,89.97511789202687,103.44533249735836,98.2166188955307,99.09394681453703,98.17696511745451,99.38223361968994,96.3690623641014,101.19013637304306,96.12558788061142,97.93559908866882,95.39367407560349,98.35621267557146,90.94986617565152,102.80002057552342,91.97827011346816,95.85095345973969,90.08910357952118,96.79335355758668,80.03272861242291,106.84972852468492
85,MobileNetV2,87.81271312713623,3.121873733997345,90.93458686113358,99.45343828201294,99.94775056838988,99.63205754756927,100.0,99.08014386892322,100.55191367864606,99.40658432245256,99.93772208690643,99.63535219430923,100.0,99.08838048577309,100.54697170853616,99.40786236524582,99.95751976966858,99.61102306842804,100.0,99.0275576710701,100.58346539735794,99.37842190265656,99.93790984153748,99.6108114719391,100.0,99.02702867984776,100.58378279209134,99.3796136379242,99.94816184043884,99.5892897248268,99.98952746391296,98.9889331161976,100.5898840725422,99.89831441640854,99.99983310699464,99.98598396778108,99.99999403953552,99.96496886014938,100.0210091471672,99.37995851039886,99.95777010917664,99.5845228433609,100.0,98.96130710840224,100.62321573495863,98.7602072954178,99.89598989486694,99.18105900287628,99.9793291091919,97.98365384340283,101.17673426866534,96.0048617720604,98.09027910232544,95.87485343217848,98.54755103588104,91.86580702662468,102.55659744143486,96.03924268484116,98.17708134651184,95.8978310227394,98.54983538389205,91.91982448101042,102.52784192562105,96.10723400115968,98.09393882751463,96.08011394739152,98.54726344347,92.3793897032738,102.24798768758772,96.00099277496338,98.0994164943695,96.08346968889236,98.54755103588104,92.38734766840938,102.24367305636405,96.01661843061449,98.10948669910432,95.9253042936325,98.56225848197938,91.96987301111216,102.5176897644997,98.0680582523346,99.16759133338928,98.47155064344405,99.4404911994934,97.01813980937004,100.89390203356744,95.99485450983047,98.09626638889311,95.88746130466464,98.5481634736061,91.8964080512524,102.53921672701831,92.0544545352459,96.2195873260498,91.86347126960756,97.12575376033782,83.97004753351216,105.01917749643322
90,MobileNetV2,91.44672307491302,2.95802787065506,94.40475094556808,99.37752014398576,99.97878074645996,99.67624545097352,100.0,99.19061362743378,100.48563182353972,99.32479476928712,99.97868835926056,99.6597319841385,100.0,99.14932996034624,100.51040202379224,99.30592834949492,99.97878074645996,99.65109676122664,100.0,99.12774190306664,100.52335485816002,99.3070112466812,99.97888803482056,99.648779630661,100.0,99.12194907665253,100.52683055400848,99.29860347509384,99.96899366378784,99.6143400669098,100.0,99.03585016727448,100.57848989963531,99.86239993572237,99.9999701976776,99.98430162668228,100.0,99.9607540667057,100.02354755997658,99.29811936616898,99.97883439064026,99.58995133638382,100.0,98.97487834095956,100.61507299542428,98.60274201631546,99.93765950202942,99.2299735546112,100.0,98.07493388652802,101.1550396680832,95.14648026227952,98.10855388641356,94.36677396297452,98.68420958518982,87.89062052965161,105.16036301851275,95.3973507285118,98.08593690395357,94.32317316532134,98.6876368522644,87.77647763490674,105.234332382679,95.3726254105568,98.05147349834442,94.39185112714767,98.67498725652696,87.96714693307877,105.09969145059586,95.390349984169,98.04808497428894,94.44444477558136,98.6749604344368,88.09867128729817,105.02073392271998,95.19176882505415,98.09707701206209,94.08848285675047,98.65751564502716,87.23493367433545,105.5110648274422,97.74867033958436,99.21647608280182,98.02460372447968,99.49469715356828,95.8194635808468,101.69983729720116,95.29898762702942,98.1098175048828,94.17719542980194,98.68290424346924,87.418632209301,105.44146746397018,90.60731250047684,96.19600474834442,88.33386152982712,97.31405526399612,74.86357092857361,110.78434586524963
95,MobileNetV2,85.59992251873017,2.692461557388305,88.29238407611847,99.4895179271698,99.95772540569304,99.60832446813583,100.0,99.0208111703396,100.58751329779622,99.43868696689606,99.95766282081604,99.57913756370544,100.0,98.9478439092636,100.63129365444183,99.4519572854042,99.94725584983826,99.58099424839018,100.0,98.95248562097548,100.62850862741472,99.41587442159653,99.95748102664948,99.54934269189836,100.0,98.87335672974586,100.67598596215248,99.42195504903792,99.9528020620346,99.54857528209686,100.0,98.87143820524216,100.6771370768547,99.90656238794328,99.9998688697815,99.97596591711044,100.0,99.93991479277612,100.03605112433434,99.4323296546936,99.93798434734344,99.57234859466551,100.0,98.9308714866638,100.64147710800174,98.84731310606004,99.90576803684236,99.10005182027815,100.0,97.75012955069542,101.34992226958276,94.5406287908554,98.14281761646272,93.7911182641983,98.60425740480422,86.57140955328944,105.82396611571308,94.60839378833772,98.183935880661,93.84063482284544,98.63395988941193,86.65064722299573,105.82394748926166,94.61216992139816,98.10933172702788,93.7401622533798,98.61020743846892,86.43509447574613,105.91527521610264,94.6230484843254,98.10855388641356,93.72944086790083,98.61111044883728,86.4069364964962,105.93361482024191,94.57484984397888,98.1219470500946,93.86260509490968,98.61222505569457,86.73817515373233,105.73665499687192,97.1426243185997,99.13547039031982,97.539359331131,99.43429976701736,94.69694867730144,102.27671042084692,94.5602702498436,98.14550876617432,93.81010383367536,98.60490411520004,86.61790341138838,105.79710453748704,89.17069702595472,96.2449461221695,87.68863081932068,97.22859561443327,73.37868362665176,111.5385428071022
100,MobileNetV2,91.58135672092438,3.1778220033645628,94.75917872428894,99.41167724132538,99.957337975502,99.61423426866531,100.0,99.03558567166328,100.57864859700204,99.35619646310806,99.94689524173737,99.59811568260191,100.0,98.9952892065048,100.60282647609714,99.34989809989928,99.93681609630583,99.55579340457918,100.0,98.88948351144792,100.66630989313124,99.33866888284685,99.92666244506836,99.5968297123909,100.0,98.99207428097723,100.60475543141364,99.3343757390976,99.9267429113388,99.57726895809176,100.0,98.94317239522935,100.63409656286235,99.88359183073044,99.99991655349731,99.97607320547104,100.0,99.9401830136776,100.03589019179344,99.33712857961656,99.926820397377,99.560022354126,100.0,98.90005588531496,100.659966468811,98.67373794317244,99.8536467552185,99.15772080421448,100.0,97.8943020105362,101.26341879367828,95.38241523504256,98.09027910232544,94.6316286921501,98.52430820465088,88.79260942339894,104.36332747340204,95.58750176429749,98.09027910232544,94.75719928741456,98.60425740480422,88.98661211133006,104.37484458088872,95.6509731411934,98.05667102336884,95.32465785741805,98.52674454450606,90.52152782678604,103.32987457513808,95.66938179731368,98.0582982301712,95.39292454719543,98.52941036224364,90.68819582462314,103.23413908481596,95.4996022582054,98.06908071041109,94.61573213338852,98.5656574368477,88.69084417819974,104.49054539203648,97.91067725419998,99.1238921880722,98.24767559766768,99.3872582912445,96.53830155730245,101.09663233160975,95.4496529698372,98.08890223503111,94.64213401079178,98.52964878082275,88.81086185574529,104.36092093586925,91.07600036263466,96.13747596740724,89.3367350101471,97.13603109121324,77.6377908885479,108.83497521281242
